"rebalance_date","asset","weight","MCR","CR","PCR"
2018-01-31,"JPM",0.799999999999997,0.0513907272467806,0.0411125817974243,1.04444454326587
2018-01-31,"XOM",0.05,0.00988246665640722,0.000494123332820361,0.0125529557157829
2018-01-31,"EEM",0.0500000000000005,-0.00998106012850936,-0.000499053006425473,-0.012678191603967
2018-01-31,"GLD",0.0499999999999978,-0.0235759365565406,-0.00117879682782698,-0.0299467428367666
2018-01-31,"BTC-USD",0.0500000000000001,-0.0113149757761097,-0.000565748788805488,-0.0143725645409159
2018-02-28,"JPM",0.8,0.0483644454708804,0.0386915563767043,1.0084051463362
2018-02-28,"XOM",0.0500000000000002,0.0193622414629171,0.000968112073145859,0.0252315825004725
2018-02-28,"EEM",0.05,-0.00811809898364973,-0.000405904949182486,-0.0105789654903983
2018-02-28,"GLD",0.0500000000000001,-0.015393982395024,-0.000769699119751203,-0.0200604117841815
2018-02-28,"BTC-USD",0.0499999999999999,-0.00230011116795719,-0.00011500555839786,-0.00299735156209679
2018-03-31,"JPM",0.8,0.0505858179951718,0.0404686543961374,0.950551773768563
2018-03-31,"XOM",0.0499999999999999,0.0183019262372229,0.000915096311861142,0.021494325309015
2018-03-31,"EEM",0.05,-0.00750554340505114,-0.000375277170252557,-0.0088147329127025
2018-03-31,"GLD",0.0500000000000002,-0.014006379238643,-0.000700318961932151,-0.016449507437339
2018-03-31,"BTC-USD",0.05,0.0453140297286852,0.00226570148643426,0.0532181412724639
2018-04-30,"JPM",0.8,0.0500654870379069,0.0400523896303255,0.953430543851117
2018-04-30,"XOM",0.0500000000000004,0.0153603908514817,0.000768019542574089,0.0182823870666203
2018-04-30,"EEM",0.05,-0.0062548249448677,-0.000312741247243385,-0.00744467584071872
2018-04-30,"GLD",0.0500000000000002,-0.0158992185815753,-0.000794960929078766,-0.0189237156121663
2018-04-30,"BTC-USD",0.05,0.0459201105921449,0.00229600552960725,0.0546554605351476
2018-05-31,"JPM",0.8,0.0506513414881039,0.0405210731904831,0.935776315061
2018-05-31,"XOM",0.0500000000000001,0.0120259004727298,0.000601295023636489,0.0138860498298752
2018-05-31,"EEM",0.05,-0.00382547281851267,-0.000191273640925634,-0.00441719156924323
2018-05-31,"GLD",0.0500000000000001,-0.014558610255106,-0.0007279305127553,-0.01681051559628
2018-05-31,"BTC-USD",0.05,0.0619785823928227,0.00309892911964114,0.0715653422746486
2018-06-30,"JPM",0.799999999999999,0.0496047742952702,0.0396838194362161,0.899754408323252
2018-06-30,"XOM",0.0499999999999999,0.0129839218760331,0.000649196093801655,0.0147192748974964
2018-06-30,"EEM",0.05,0.00102928716210988,5.14643581054942e-05,0.001166855502691
2018-06-30,"GLD",0.0500000000000009,-0.00838832296835964,-0.00041941614841799,-0.00950945583923936
2018-06-30,"BTC-USD",0.0500000000000001,0.0828020873926799,0.004140104369634,0.0938689171158002
2018-07-31,"JPM",0.799999999999998,0.0525127486603199,0.0420101989282559,0.904990208255174
2018-07-31,"XOM",0.0500000000000002,0.0113511305412439,0.000567556527062195,0.0122263905605344
2018-07-31,"EEM",0.0500000000000001,0.00256683134284971,0.000128341567142486,0.00276475390593671
2018-07-31,"GLD",0.0500000000000013,-0.0092046392216568,-0.000460231961082852,-0.00991438814696776
2018-07-31,"BTC-USD",0.0500000000000001,0.0834949300882244,0.00417474650441122,0.0899330354253224
2018-08-31,"JPM",0.799999999999997,0.0525985518393658,0.0420788414714925,0.89323344891423
2018-08-31,"XOM",0.0499999999999999,0.0115427861901926,0.000577139309509629,0.0122512910980811
2018-08-31,"EEM",0.0500000000000001,0.00428973893489865,0.000214486946744933,0.00455304634082797
2018-08-31,"GLD",0.0500000000000013,-0.00817421840182773,-0.000408710920091397,-0.00867595808238867
2018-08-31,"BTC-USD",0.0500000000000001,0.092933823655578,0.00464669118277891,0.0986381717292495
2018-09-30,"JPM",0.8,0.0526476071784987,0.042118085742799,0.889827338589442
2018-09-30,"XOM",0.0500000000000001,0.00929858786366661,0.000464929393183331,0.00982254718542283
2018-09-30,"EEM",0.05,0.00532180052914848,0.000266090026457424,0.0056216747720612
2018-09-30,"GLD",0.0500000000000006,-0.00769742279118673,-0.000384871139559342,-0.00813115923419019
2018-09-30,"BTC-USD",0.05,0.097372809512632,0.00486864047563161,0.102859598687265
2018-10-31,"JPM",0.8,0.0534527887140567,0.0427622309712454,0.878420543334193
2018-10-31,"XOM",0.05,0.0130116067726855,0.000650580338634273,0.0133642029792586
2018-10-31,"EEM",0.05,0.0101216116741243,0.000506080583706213,0.0103958930863319
2018-10-31,"GLD",0.0499999999999997,-0.0083486714264302,-0.000417433571321507,-0.00857490865649034
2018-10-31,"BTC-USD",0.05,0.103587202063904,0.00517936010319522,0.106394269256707
2018-11-30,"JPM",0.8,0.0451636175421691,0.0361308940337353,0.82388173361934
2018-11-30,"XOM",0.0500000000000001,0.00858354069031752,0.000429177034515876,0.00978639274456925
2018-11-30,"EEM",0.0500000000000001,0.0155423382165823,0.000777116910829116,0.0177203593999361
2018-11-30,"GLD",0.0499999999999996,-0.000775450020219557,-3.87725010109776e-05,-0.000884117490141701
2018-11-30,"BTC-USD",0.05,0.131121024001359,0.00655605120006793,0.149495631726296
2018-12-31,"JPM",0.476369490279253,0.045467098382695,0.0216591384810411,0.526277924656255
2018-12-31,"XOM",0.05,0.0202532931355949,0.00101266465677974,0.0246059211639135
2018-12-31,"EEM",0.373630509720747,0.0295452945710877,0.0110390234704451,0.268228321608584
2018-12-31,"GLD",0.05,0.000546177890655724,2.73088945327862e-05,0.000663556786986316
2018-12-31,"BTC-USD",0.05,0.148343769099047,0.00741718845495232,0.180224275784261
2019-01-31,"JPM",0.800000000000001,0.0526404682473799,0.042112374597904,0.841624981470641
2019-01-31,"XOM",0.0500000000000001,0.0224765429722748,0.00112382714861374,0.0224599304161613
2019-01-31,"EEM",0.05,0.0238403751037822,0.00119201875518911,0.023822754530651
2019-01-31,"GLD",0.0499999999999999,-0.00248106732684763,-0.000124053366342381,-0.00247923355417896
2019-01-31,"BTC-USD",0.05,0.114656310346202,0.00573281551731009,0.114571567136726
2019-02-28,"JPM",0.671018800425625,0.0497675724631408,0.0333949767743121,0.733354452608016
2019-02-28,"XOM",0.05,0.0251152277215035,0.00125576138607518,0.0275765487161478
2019-02-28,"EEM",0.178981199574375,0.0280451795112516,0.0050195598712025,0.110229649403752
2019-02-28,"GLD",0.0499999999999998,-0.00232241870771842,-0.000116120935385921,-0.00255001839293918
2019-02-28,"BTC-USD",0.05,0.11966232334067,0.00598311616703348,0.131389367665023
2019-03-31,"JPM",0.8,0.0510853827139754,0.0408683061711803,0.843233938940328
2019-03-31,"XOM",0.05,0.0241476046217564,0.00120738023108782,0.0249118224717818
2019-03-31,"EEM",0.05,0.0250417519848176,0.00125208759924088,0.0258342676054131
2019-03-31,"GLD",0.05,-0.00371883965421336,-0.000185941982710668,-0.00383653263824422
2019-03-31,"BTC-USD",0.05,0.106486445042974,0.00532432225214872,0.109856503620721
2019-04-30,"JPM",0.800000000000001,0.0590166776290454,0.0472133421032364,0.859128639169041
2019-04-30,"XOM",0.0500000000000001,0.0202190366050248,0.00101095183025124,0.0183960217916805
2019-04-30,"EEM",0.0499999999999998,0.023807182767007,0.00119035913835034,0.0216606488991437
2019-04-30,"GLD",0.0500000000000003,-0.0039668258769676,-0.000198341293848381,-0.00360916381438089
2019-04-30,"BTC-USD",0.05,0.114772082217198,0.00573860411085988,0.104423853954515
2019-05-31,"JPM",0.8,0.0612664248896384,0.0490131399117107,0.869930670567498
2019-05-31,"XOM",0.0500000000000001,0.025123157514616,0.0012561578757308,0.0222954551604241
2019-05-31,"EEM",0.0499999999999998,0.0276033463914921,0.0013801673195746,0.0244964897979533
2019-05-31,"GLD",0.05,-0.00475191696208867,-0.000237595848104434,-0.0042170715003745
2019-05-31,"BTC-USD",0.05,0.0985912592179247,0.00492956296089623,0.0874944559744995
2019-06-30,"JPM",0.8,0.0583350854173943,0.0466680683339154,0.847763459776123
2019-06-30,"XOM",0.0500000000000001,0.0289935825483743,0.00144967912741872,0.026334601720221
2019-06-30,"EEM",0.0499999999999999,0.0303179384232936,0.00151589692116467,0.0275375018600586
2019-06-30,"GLD",0.05,-0.000161794897847291,-8.08974489236456e-06,-0.000146956802873992
2019-06-30,"BTC-USD",0.05,0.10845799941043,0.00542289997052149,0.0985113934464709
2019-07-31,"JPM",0.8,0.0586212819021852,0.0468970255217482,0.850811579949479
2019-07-31,"XOM",0.0500000000000002,0.0286315054577358,0.0014315752728868,0.0259718139091056
2019-07-31,"EEM",0.05,0.0297888139134852,0.00148944069567426,0.027021615495422
2019-07-31,"GLD",0.0500000000000002,-0.000269747740085567,-1.34873870042784e-05,-0.000244689826675226
2019-07-31,"BTC-USD",0.05,0.106315763983949,0.00531578819919746,0.0964396804726688
2019-08-31,"JPM",0.675865490135421,0.059312920392577,0.0400875560124922,0.822901323333756
2019-08-31,"XOM",0.05,0.030606444256096,0.0015303222128048,0.031413842581266
2019-08-31,"EEM",0.05,0.0313375971799918,0.00156687985899959,0.0321642833270746
2019-08-31,"GLD",0.174134509864579,-0.00130398546418928,-0.000227068869677135,-0.00466117897751078
2019-08-31,"BTC-USD",0.05,0.115144223884062,0.00575721119420308,0.118181729735414
2019-09-30,"JPM",0.741887272146712,0.0606284292408363,0.044979459984024,0.848215302999527
2019-09-30,"XOM",0.05,0.0305335168507109,0.00152667584253555,0.0287898034529159
2019-09-30,"EEM",0.0499999999999994,0.0312801946153762,0.00156400973076879,0.0294938398137606
2019-09-30,"GLD",0.108112727853289,-0.00318651684657187,-0.000344503028633344,-0.00649658179356258
2019-09-30,"BTC-USD",0.05,0.106054197084024,0.00530270985420121,0.0999976355273589
2019-10-31,"JPM",0.670510121700093,0.0603367436369301,0.0404563973189853,0.839758104570013
2019-10-31,"XOM",0.0500000000000001,0.0278077428192233,0.00139038714096117,0.0288604262239669
2019-10-31,"EEM",0.0499999999999998,0.0320004903813882,0.0016000245190694,0.0332118934566804
2019-10-31,"GLD",0.179489878299907,-7.15323252723509e-05,-1.28393283576436e-05,-0.000266507419347177
2019-10-31,"BTC-USD",0.05,0.094845629224054,0.0047422814612027,0.0984360831686872
2019-11-30,"JPM",0.8,0.0621294581312243,0.0497035665049795,0.894362200567619
2019-11-30,"XOM",0.0499999999999996,0.0289188784125935,0.00144594392062966,0.0260182050843808
2019-11-30,"EEM",0.0500000000000002,0.031797207337212,0.00158986036686061,0.0286078266870093
2019-11-30,"GLD",0.05,-0.00358612904485696,-0.000179306452242848,-0.00322642668283815
2019-11-30,"BTC-USD",0.05,0.0602850097637751,0.00301425048818876,0.0542381943438292
2019-12-31,"JPM",0.8,0.0629537041154219,0.0503629632923375,0.901966524399635
2019-12-31,"XOM",0.0499999999999999,0.0294368663864558,0.00147184331932279,0.0263597158786003
2019-12-31,"EEM",0.0499999999999998,0.0331326475969716,0.00165663237984857,0.0296691626580133
2019-12-31,"GLD",0.05,-0.00298677167016835,-0.000149338583508417,-0.00267455277291727
2019-12-31,"BTC-USD",0.05,0.0498948535735236,0.00249474267867618,0.0446791498366686
2020-01-31,"JPM",0.418488826819256,0.051154082221955,0.0214074118560817,0.643273790240512
2020-01-31,"XOM",0.0500000000000002,0.0225012501103374,0.00112506250551688,0.0338071331110361
2020-01-31,"EEM",0.0499999999999995,0.0318171316126568,0.00159085658063283,0.0478038330477586
2020-01-31,"GLD",0.431511173180744,0.00968666433551381,0.00417990389162564,0.125602414588161
2020-01-31,"BTC-USD",0.05,0.0995122996459257,0.00497561498229628,0.149512829012533
2020-02-29,"JPM",0.05,0.00646636773277525,0.000323318386638763,0.0106336183178745
2020-02-29,"XOM",0.0500000000000002,-0.00389902013150785,-0.000194951006575393,-0.00641174359478768
2020-02-29,"EEM",0.05,0.0119259833775486,0.00059629916887743,0.0196116831802481
2020-02-29,"GLD",0.8,0.0293490116598259,0.0234792093278607,0.772207708301167
2020-02-29,"BTC-USD",0.05,0.124028541894903,0.00620142709474514,0.203958733795498
2020-03-31,"JPM",0.05,0.0208360555500335,0.00104180277750168,0.0325238594734518
2020-03-31,"XOM",0.0499999999999996,0.0138363611912078,0.000691818059560387,0.0215977475163737
2020-03-31,"EEM",0.0499999999999998,0.0223503442286452,0.00111751721143225,0.0348875752001225
2020-03-31,"GLD",0.8,0.0285167069993203,0.0228133655994563,0.712206487539337
2020-03-31,"BTC-USD",0.05,0.127349011312071,0.00636745056560356,0.198784330270715
2020-04-30,"JPM",0.05,0.0259152184050573,0.00129576092025286,0.0351960295328993
2020-04-30,"XOM",0.0500000000000001,0.0365841631504324,0.00182920815752162,0.0496857586362363
2020-04-30,"EEM",0.0499999999999996,0.0279362005370572,0.00139681002685285,0.0379407699279655
2020-04-30,"GLD",0.8,0.0313964364046065,0.0251171491236852,0.682243080897165
2020-04-30,"BTC-USD",0.05,0.143532284952534,0.00717661424762668,0.194934361005734
2020-05-31,"JPM",0.05,0.0258340187198192,0.00129170093599096,0.0353481950803791
2020-05-31,"XOM",0.0500000000000002,0.039399521797092,0.00196997608985461,0.0539096142052734
2020-05-31,"EEM",0.05,0.0281940975801817,0.00140970487900908,0.0385774459710727
2020-05-31,"GLD",0.8,0.0311559677804008,0.0249247742243207,0.682081863585378
2020-05-31,"BTC-USD",0.05,0.138920946288316,0.0069460473144158,0.190082881157896
2020-06-30,"JPM",0.05,0.0247671817001718,0.00123835908500859,0.0353467671380909
2020-06-30,"XOM",0.05,0.0432243551158564,0.00216121775579282,0.0616881336548569
2020-06-30,"EEM",0.05,0.0274353089696315,0.00137176544848158,0.0391546155412756
2020-06-30,"GLD",0.8,0.0295235727927668,0.0236188582342134,0.674158482930283
2020-06-30,"BTC-USD",0.05,0.13288755782577,0.0066443778912885,0.189652000735494
2020-07-31,"JPM",0.0500000000000001,0.027575647305171,0.00137878236525855,0.0351438439289264
2020-07-31,"XOM",0.0499999999999998,0.034662258427579,0.00173311292137894,0.0441753909499166
2020-07-31,"EEM",0.05,0.0328263794414576,0.00164131897207288,0.041835650966785
2020-07-31,"GLD",0.8,0.0342743163395469,0.0274194530716375,0.698895636937922
2020-07-31,"BTC-USD",0.05,0.141197511760698,0.00705987558803492,0.17994947721645
2020-08-31,"JPM",0.0500000000000001,0.0273113749247975,0.00136556874623988,0.0355553202869851
2020-08-31,"XOM",0.0499999999999998,0.0362612512420885,0.00181306256210442,0.0472067190124754
2020-08-31,"EEM",0.05,0.0310677296343094,0.00155338648171547,0.0404455316064802
2020-08-31,"GLD",0.8,0.0334706499310223,0.0267765199448178,0.697180383946487
2020-08-31,"BTC-USD",0.05,0.137966747773346,0.00689833738866731,0.179612045147572
2020-09-30,"JPM",0.05,0.028299758577801,0.00141498792889005,0.0350505972030521
2020-09-30,"XOM",0.0500000000000003,0.0447295705666165,0.00223647852833084,0.0553997009086076
2020-09-30,"EEM",0.05,0.0303340864605759,0.00151670432302879,0.0375702090577628
2020-09-30,"GLD",0.8,0.0354472828343936,0.0283578262675149,0.702450335980237
2020-09-30,"BTC-USD",0.05,0.136877388506951,0.00684386942534753,0.169529156850341
2020-10-31,"JPM",0.0499999999999998,0.0277803487148547,0.00138901743574273,0.034437512073684
2020-10-31,"XOM",0.0499999999999993,0.0445287122363139,0.00222643561181566,0.0551993814405819
2020-10-31,"EEM",0.05,0.0291851631865502,0.00145925815932751,0.036178970247117
2020-10-31,"GLD",0.800000000000001,0.0356964326130355,0.0285571460904284,0.708009156669243
2020-10-31,"BTC-USD",0.05,0.134051463132517,0.00670257315662583,0.166174979569374
2020-11-30,"JPM",0.0499999999999997,0.025316429998307,0.00126582149991534,0.0316425028578541
2020-11-30,"XOM",0.0500000000000001,0.042350707097002,0.00211753535485011,0.0529333073596339
2020-11-30,"EEM",0.05,0.029367336654478,0.0014683668327239,0.0367056506023572
2020-11-30,"GLD",0.8,0.0366948165708222,0.0293558532566578,0.733825954631569
2020-11-30,"BTC-USD",0.0500000000000001,0.115925184252217,0.00579625921261084,0.144892584548586
2020-12-31,"JPM",0.124453815892868,0.0427227537649477,0.00531700973149915,0.12447721526048
2020-12-31,"XOM",0.0499999999999996,0.0594540255340594,0.00297270127670294,0.0695943011977379
2020-12-31,"EEM",0.05,0.0381723625106103,0.00190861812553052,0.044682910368631
2020-12-31,"GLD",0.725546184107132,0.0348627314816592,0.0252945217940694,0.592173381895149
2020-12-31,"BTC-USD",0.0500000000000001,0.144437435312137,0.00722187176560685,0.169072191278002
2021-01-31,"JPM",0.158468157887318,0.0474717881151333,0.00752276681422223,0.173704126134062
2021-01-31,"XOM",0.0499999999999997,0.0603363390993981,0.00301681695496988,0.0696596831738488
2021-01-31,"EEM",0.0500000000000001,0.0385380404387001,0.00192690202193501,0.0444930489183031
2021-01-31,"GLD",0.691531842112683,0.0338774559341429,0.0234273395082291,0.540947983291124
2021-01-31,"BTC-USD",0.0500000000000002,0.148282172179944,0.00741410860899722,0.171195158482662
2021-02-28,"JPM",0.505436939160214,0.0849599515031548,0.0429418978389547,0.711444429863132
2021-02-28,"XOM",0.05,0.0957820056757886,0.00478910028378943,0.0793439249875703
2021-02-28,"EEM",0.0500000000000001,0.0472583248480575,0.00236291624240288,0.0391478645213872
2021-02-28,"GLD",0.344563060839786,0.00895397269654353,0.00308520823899691,0.0511145134952802
2021-02-28,"BTC-USD",0.0500000000000001,0.143592586091668,0.00717962930458339,0.118949267132631
2021-03-31,"JPM",0.613988628820953,0.087691199810651,0.0538413995314058,0.784663950992066
2021-03-31,"XOM",0.0499999999999998,0.0997715350516693,0.00498857675258344,0.0727016084012831
2021-03-31,"EEM",0.05,0.0468424118176009,0.00234212059088005,0.0341331691325711
2021-03-31,"GLD",0.236011371179047,0.00266504463648763,0.000628980838910811,0.0091665260274332
2021-03-31,"BTC-USD",0.05,0.1363213311936,0.00681606655968,0.0993347454466468
2021-04-30,"JPM",0.316914707448428,0.0662373729910581,0.0209915976836136,0.446654382634516
2021-04-30,"XOM",0.0500000000000002,0.0869575436123486,0.00434787718061745,0.092513129641168
2021-04-30,"EEM",0.05,0.0463852439543274,0.00231926219771637,0.0493487270812752
2021-04-30,"GLD",0.533085292551572,0.0223830451882595,0.0119320721923784,0.253887884998746
2021-04-30,"BTC-USD",0.0500000000000001,0.148131949298651,0.00740659746493258,0.157595875644295
2021-05-31,"JPM",0.521410577427035,0.0786220740314052,0.0409943810192261,0.697637104236979
2021-05-31,"XOM",0.05,0.0992571093210195,0.00496285546605097,0.0844572360894698
2021-05-31,"EEM",0.0500000000000002,0.0461293327244794,0.00230646663622398,0.0392511525996661
2021-05-31,"GLD",0.328589422572965,0.00967235238863078,0.00317823268630242,0.0540867551292812
2021-05-31,"BTC-USD",0.0500000000000001,0.146396395917351,0.00731981979586756,0.124567751944604
2021-06-30,"JPM",0.60509850287603,0.0824414203358778,0.0498851800202131,0.76074604863986
2021-06-30,"XOM",0.05,0.0938921678894146,0.00469460839447073,0.0715925007097902
2021-06-30,"EEM",0.0499999999999997,0.0436977331796487,0.00218488665898242,0.0333193924903816
2021-06-30,"GLD",0.24490149712397,0.00686023857376167,0.00168008269734184,0.025621161893635
2021-06-30,"BTC-USD",0.0500000000000001,0.142585334275525,0.00712926671377623,0.108720896266333
2021-07-31,"JPM",0.420511054192683,0.07599644660029,0.0319573458747859,0.601410921708183
2021-07-31,"XOM",0.0499999999999999,0.085672891478255,0.00428364457391274,0.0806146618546237
2021-07-31,"EEM",0.0500000000000001,0.0441866972491858,0.00220933486245929,0.0415778619788953
2021-07-31,"GLD",0.429488945807317,0.0174959131746567,0.00751430130531968,0.141412960004007
2021-07-31,"BTC-USD",0.05,0.143453245017413,0.00717266225087065,0.134983594454291
2021-08-31,"JPM",0.8,0.0837026393469533,0.0669621114775626,0.830878844537356
2021-08-31,"XOM",0.0499999999999998,0.0965623368984471,0.00482811684492233,0.059908208640413
2021-08-31,"EEM",0.05,0.0424957444175775,0.00212478722087888,0.0263647712417661
2021-08-31,"GLD",0.05,0.00134030950229686,6.70154751148428e-05,0.000831540990881092
2021-08-31,"BTC-USD",0.05,0.132197541543141,0.00660987707715705,0.0820166345895835
2021-09-30,"JPM",0.740268216397116,0.0828514036062602,0.0613322607736038,0.811108348632745
2021-09-30,"XOM",0.0500000000000001,0.0952976550657074,0.00476488275328538,0.0630147353561978
2021-09-30,"EEM",0.05,0.0432327053999834,0.00216163526999917,0.028587245799847
2021-09-30,"GLD",0.109731783602884,0.0039831547557029,0.000437078675709588,0.00578028852036005
2021-09-30,"BTC-USD",0.0500000000000001,0.13839032160266,0.00691951608013303,0.0915093816908495
2021-10-31,"JPM",0.708951059948315,0.082045437365147,0.0581661997839441,0.794965969929196
2021-10-31,"XOM",0.05,0.0978918465630714,0.00489459232815357,0.0668951100813134
2021-10-31,"EEM",0.0500000000000001,0.0427809372689578,0.00213904686344789,0.029234666710928
2021-10-31,"GLD",0.141048940051685,0.00480073713859308,0.000677138884865312,0.00925455629529226
2021-10-31,"BTC-USD",0.0500000000000001,0.145823705728048,0.00729118528640242,0.0996496969832701
2021-11-30,"JPM",0.354546014328261,0.073736154692526,0.0261428597581272,0.513551569517669
2021-11-30,"XOM",0.05,0.082379029243552,0.0041189514621776,0.0809128766989927
2021-11-30,"EEM",0.0500000000000001,0.0443177667124416,0.00221588833562208,0.043529014926565
2021-11-30,"GLD",0.495453985671739,0.0220689417479216,0.0109341451485652,0.214790862756857
2021-11-30,"BTC-USD",0.0500000000000001,0.14988324456267,0.00749416222813352,0.147215676099917
2021-12-31,"JPM",0.224203854854719,0.0617862830059392,0.0138527228270762,0.30711141949403
2021-12-31,"XOM",0.0499999999999999,0.0665606168272922,0.00332803084136461,0.0737816159732633
2021-12-31,"EEM",0.05,0.039883449125281,0.00199417245626405,0.0442103073456506
2021-12-31,"GLD",0.625796145145281,0.030005226656795,0.0187771551760327,0.416284859818292
2021-12-31,"BTC-USD",0.05,0.143088477118421,0.00715442385592105,0.158611797368764
2022-01-31,"JPM",0.0499999999999997,0.0664754663943687,0.00332377331971842,0.0468908509926203
2022-01-31,"XOM",0.476007017688168,0.118434873925139,0.0563758311273795,0.795334230916515
2022-01-31,"EEM",0.05,0.0382913277838847,0.00191456638919424,0.0270101594289203
2022-01-31,"GLD",0.373992982311832,0.00694826402885848,0.0025986019860428,0.0366603395585904
2022-01-31,"BTC-USD",0.05,0.133408437194945,0.00667042185974728,0.0941044191033536
2022-02-28,"JPM",0.0499999999999998,0.0581998881132294,0.00290999440566146,0.0322287344222655
2022-02-28,"XOM",0.680801085249688,0.117513074462827,0.0800030286253201,0.886048563367002
2022-02-28,"EEM",0.05,0.0333712696660415,0.00166856348330207,0.0184796538664855
2022-02-28,"GLD",0.169198914750314,-0.00145516505947876,-0.000246212348846382,-0.00272684799222099
2022-02-28,"BTC-USD",0.05,0.119130975958251,0.00595654879791253,0.0659698963364679
2022-03-31,"JPM",0.0500000000000003,0.0348867073271181,0.00174433536635592,0.019980924239962
2022-03-31,"XOM",0.8,0.100936601015331,0.0807492808122651,0.924962764306
2022-03-31,"EEM",0.0499999999999997,0.01486953335761,0.000743476667880498,0.00851633880824986
2022-03-31,"GLD",0.0500000000000002,-0.00715843648046869,-0.000357921824023436,-0.00409990474743494
2022-03-31,"BTC-USD",0.0500000000000001,0.0884172604070633,0.00442086302035317,0.0506398773932231
2022-04-30,"JPM",0.0499999999999991,0.0350724824895347,0.0017536241244767,0.0218914053040533
2022-04-30,"XOM",0.800000000000002,0.0931697934968466,0.0745358347974775,0.930469732055294
2022-04-30,"EEM",0.0499999999999999,0.0116956636436976,0.000584783182184879,0.00730015370883618
2022-04-30,"GLD",0.0499999999999991,-0.0133192871013563,-0.000665964355067803,-0.00831358066495133
2022-04-30,"BTC-USD",0.05,0.077946415557088,0.0038973207778544,0.0486522895967678
2022-05-31,"JPM",0.05,0.0380754298016054,0.00190377149008027,0.0234457953824076
2022-05-31,"XOM",0.800000000000001,0.0950043079582674,0.076003446366614,0.936016355510339
2022-05-31,"EEM",0.0500000000000001,0.0118199417898254,0.000590997089491271,0.00727839286595605
2022-05-31,"GLD",0.0500000000000001,-0.0141830735533851,-0.000709153677669258,-0.00873354397203112
2022-05-31,"BTC-USD",0.05,0.068195661768043,0.00340978308840215,0.041993000213329
2022-06-30,"JPM",0.0500000000000001,0.0470195652761848,0.00235097826380924,0.0271516967422694
2022-06-30,"XOM",0.800000000000001,0.098983103045238,0.0791864824361905,0.914533064933917
2022-06-30,"EEM",0.0499999999999999,0.0168646828548343,0.000843234142741711,0.00973860034305623
2022-06-30,"GLD",0.0499999999999999,-0.0113365947246884,-0.00056682973623442,-0.00654637660401027
2022-06-30,"BTC-USD",0.05,0.0954584977539767,0.00477292488769883,0.0551230145847677
2022-07-31,"JPM",0.05,0.0482432685843616,0.00241216342921808,0.0276645981547509
2022-07-31,"XOM",0.8,0.0987837154946135,0.0790269723956908,0.906343827384061
2022-07-31,"EEM",0.0499999999999999,0.0190514721246983,0.000952573606234912,0.0109248675732776
2022-07-31,"GLD",0.0499999999999999,-0.00890199062016988,-0.000445099531008493,-0.00510475348190216
2022-07-31,"BTC-USD",0.05,0.104930782203884,0.0052465391101942,0.0601714603698125
2022-08-31,"JPM",0.05,0.0498086658417156,0.00249043329208578,0.0286342857304732
2022-08-31,"XOM",0.8,0.0979927799507325,0.078394223960586,0.901354240500896
2022-08-31,"EEM",0.0499999999999996,0.0203342741863936,0.00101671370931967,0.0116898818174592
2022-08-31,"GLD",0.0500000000000004,-0.00822448763635654,-0.00041122438181783,-0.00472813967181071
2022-08-31,"BTC-USD",0.05,0.109673523669454,0.00548367618347272,0.0630497316229821
2022-09-30,"JPM",0.0500000000000004,0.0531497739298322,0.00265748869649163,0.0315674816548477
2022-09-30,"XOM",0.799999999999998,0.0940722557674309,0.0752578046139445,0.893964053232347
2022-09-30,"EEM",0.050000000000001,0.0275820522517396,0.00137910261258701,0.0163819309863733
2022-09-30,"GLD",0.0500000000000006,-0.0100402516573163,-0.000502012582865822,-0.00596325132860991
2022-09-30,"BTC-USD",0.05,0.107839822460686,0.00539199112303431,0.0640497854550416
2022-10-31,"JPM",0.05,0.0671311298309315,0.00335655649154658,0.036883374096489
2022-10-31,"XOM",0.8,0.10187210452335,0.0814976836186796,0.89553372942639
2022-10-31,"EEM",0.0500000000000006,0.0252362051750093,0.00126181025875048,0.0138653468009525
2022-10-31,"GLD",0.05,-0.0103825571477926,-0.000519127857389629,-0.00570441373956682
2022-10-31,"BTC-USD",0.05,0.108153433317542,0.0054076716658771,0.0594219634157352
2022-11-30,"JPM",0.05,0.0561180402976393,0.00280590201488197,0.0325378092189258
2022-11-30,"XOM",0.8,0.0981966529430399,0.0785573223544319,0.91096665313371
2022-11-30,"EEM",0.0500000000000001,0.01724866956503,0.000862433478251501,0.0100009536436155
2022-11-30,"GLD",0.0500000000000001,-0.00854132237512526,-0.000427066118756264,-0.0049523453856399
2022-11-30,"BTC-USD",0.05,0.0887306467758203,0.00443653233879101,0.0514469293893889
2022-12-31,"JPM",0.05,0.0552903161156572,0.00276451580578286,0.0321008243129299
2022-12-31,"XOM",0.8,0.099159994915766,0.0793279959326128,0.921135648854974
2022-12-31,"EEM",0.05,0.0154787387041893,0.000773936935209462,0.00898675042279638
2022-12-31,"GLD",0.05,-0.0113905937453091,-0.000569529687265454,-0.00661322767396118
2022-12-31,"BTC-USD",0.05,0.0764571443466085,0.00382285721733043,0.0443900040832608
2023-01-31,"JPM",0.05,0.0558280407554461,0.0027914020377723,0.0324592190526779
2023-01-31,"XOM",0.8,0.0985965560210182,0.0788772448168146,0.91720709992171
2023-01-31,"EEM",0.0499999999999998,0.0163014502386714,0.000815072511933569,0.00947789564192696
2023-01-31,"GLD",0.05,-0.00986864540992175,-0.000493432270496087,-0.00573777117697984
2023-01-31,"BTC-USD",0.05,0.0801383104870284,0.00400691552435142,0.0465935565606647
2023-02-28,"JPM",0.05,0.0465550494244772,0.00232775247122386,0.0292705327049116
2023-02-28,"XOM",0.799999999999999,0.0922026346719313,0.073762107737545,0.927528254660106
2023-02-28,"EEM",0.0500000000000005,0.0187662331282323,0.000938311656411625,0.0117988842739606
2023-02-28,"GLD",0.05,-0.00211317975589735,-0.000105658987794868,-0.00132861844034107
2023-02-28,"BTC-USD",0.05,0.0520588696286929,0.00260294348143464,0.0327309468013628
2023-03-31,"JPM",0.0499999999999998,0.0472762815470965,0.00236381407735482,0.0296979753528135
2023-03-31,"XOM",0.8,0.0925579846357714,0.0740463877086172,0.930287969008191
2023-03-31,"EEM",0.0499999999999997,0.0183167031800413,0.000915835159002058,0.0115061714200971
2023-03-31,"GLD",0.05,-0.00277413212560966,-0.000138706606280483,-0.00174265201906227
2023-03-31,"BTC-USD",0.05,0.0481559046078532,0.00240779523039266,0.0302505362379605
2023-04-30,"JPM",0.05,0.048564205341805,0.00242821026709025,0.0303546121185723
2023-04-30,"XOM",0.800000000000001,0.09293307834452,0.074346462675616,0.92939152242797
2023-04-30,"EEM",0.0499999999999994,0.0183349006564026,0.000916745032820118,0.0114600618653295
2023-04-30,"GLD",0.05,-0.00259433484314009,-0.000129716742157004,-0.00162156525191662
2023-04-30,"BTC-USD",0.05,0.0486614097430976,0.00243307048715488,0.0304153688400442
2023-05-31,"JPM",0.0499999999999999,0.0473131624757016,0.00236565812378508,0.0278553105852199
2023-05-31,"XOM",0.8,0.0990581153354876,0.07924649226839,0.933116933816841
2023-05-31,"EEM",0.0499999999999999,0.0183188499804357,0.000915942499021782,0.0107851014193174
2023-05-31,"GLD",0.05,-0.000895176151816525,-4.47588075908263e-05,-0.000527029021789386
2023-05-31,"BTC-USD",0.05,0.0488662544785176,0.00244331272392588,0.0287696832004109
2023-06-30,"JPM",0.0500000000000001,0.0491355727430953,0.00245677863715477,0.0289548040180565
2023-06-30,"XOM",0.8,0.0986052227897189,0.0788841782317751,0.92970359082563
2023-06-30,"EEM",0.0499999999999997,0.0187303461420224,0.000936517307101115,0.0110374922170583
2023-06-30,"GLD",0.05,-4.62104689464661e-05,-2.31052344732331e-06,-2.72310873208542e-05
2023-06-30,"BTC-USD",0.05,0.0514715264480558,0.00257357632240279,0.0303313440265758
2023-07-31,"JPM",0.05,0.048299443795883,0.00241497218979415,0.0291418385840315
2023-07-31,"XOM",0.8,0.0956737126557288,0.076538970124583,0.923607452783436
2023-07-31,"EEM",0.0500000000000001,0.0158257435040375,0.00079128717520188,0.00954858330493365
2023-07-31,"GLD",0.05,0.000772011154962472,3.86005577481236e-05,0.000465798831101774
2023-07-31,"BTC-USD",0.05,0.0617151815454833,0.00308575907727416,0.0372363264964964
2023-08-31,"JPM",0.0500000000000001,0.0501813674642602,0.00250906837321302,0.0305103846918106
2023-08-31,"XOM",0.8,0.0944402630477459,0.0755522104381967,0.918718289782653
2023-08-31,"EEM",0.0500000000000002,0.0167106762744657,0.000835533813723291,0.0101601288955982
2023-08-31,"GLD",0.05,0.000716961799463185,3.58480899731593e-05,0.000435914392459192
2023-08-31,"BTC-USD",0.05,0.066077521516157,0.00330387607580785,0.0401752822374797
2023-09-30,"JPM",0.0499999999999999,0.0498691941492447,0.00249345970746223,0.0303767719806926
2023-09-30,"XOM",0.8,0.0941518570799119,0.0753214856639295,0.917610013273032
2023-09-30,"EEM",0.0500000000000003,0.0170169869102273,0.000850849345511369,0.0103655400892063
2023-09-30,"GLD",0.05,0.000852263909971744,4.26131954985872e-05,0.000519138656684656
2023-09-30,"BTC-USD",0.05,0.0675202404054324,0.00337601202027162,0.0411285360003844
2023-10-31,"JPM",0.0499999999999999,0.0492595613751933,0.00246297806875966,0.0297571017607576
2023-10-31,"XOM",0.8,0.0971738372444076,0.077739069795526,0.939224526614263
2023-10-31,"EEM",0.0500000000000001,0.017221697168897,0.000861084858444851,0.0104034177495924
2023-10-31,"GLD",0.05,-0.00292282187594415,-0.000146141093797207,-0.00176564113773937
2023-10-31,"BTC-USD",0.05,0.037048577597577,0.00185242887987885,0.022380595013126
2023-11-30,"JPM",0.05,0.0458074048188187,0.00229037024094093,0.0281948695608958
2023-11-30,"XOM",0.8,0.0958624432146962,0.076689954571757,0.944067132523259
2023-11-30,"EEM",0.0499999999999999,0.0150365508515146,0.000751827542575727,0.00925513225604215
2023-11-30,"GLD",0.05,-0.00376414482804024,-0.000188207241402012,-0.00231686498841591
2023-11-30,"BTC-USD",0.05,0.0337927323929451,0.00168963661964726,0.0207997306482187
2023-12-31,"JPM",0.05,0.044173753299628,0.0022086876649814,0.0271105488560458
2023-12-31,"XOM",0.8,0.0965079084374142,0.0772063267499313,0.947669481084134
2023-12-31,"EEM",0.05,0.0144310514038879,0.000721552570194397,0.00885670097977632
2023-12-31,"GLD",0.05,-0.00368572984628567,-0.000184286492314284,-0.00226202556052115
2023-12-31,"BTC-USD",0.05,0.0303479348556874,0.00151739674278437,0.0186252946405652
2024-01-31,"JPM",0.05,0.0547898781017433,0.00273949390508716,0.0368970697578339
2024-01-31,"XOM",0.8,0.0853900883998011,0.0683120707198409,0.920066014372775
2024-01-31,"EEM",0.0499999999999999,0.01532611688009,0.000766305844004497,0.01032104511332
2024-01-31,"GLD",0.05,-0.00196149862026397,-9.80749310131984e-05,-0.00132092922870496
2024-01-31,"BTC-USD",0.05,0.050542553497581,0.00252712767487905,0.0340367999847761
2024-02-29,"JPM",0.307741093621637,0.0720352407909453,0.0221682037803034,0.317967218878673
2024-02-29,"XOM",0.542258906378364,0.0789478911268368,0.0428101971033167,0.614043404124783
2024-02-29,"EEM",0.0499999999999994,0.0257114641082082,0.00128557320541039,0.0184394793931152
2024-02-29,"GLD",0.05,-5.03854454152996e-06,-2.51927227076498e-07,-3.61349077025822e-06
2024-02-29,"BTC-USD",0.05,0.0690959486855086,0.00345479743427543,0.0495535110941991
2024-03-31,"JPM",0.521304258861472,0.0812245346100527,0.0423426958162615,0.589758355572975
2024-03-31,"XOM",0.328695741138527,0.071622575499167,0.0235420355359488,0.327898635097995
2024-03-31,"EEM",0.0500000000000003,0.0322172009694045,0.00161086004847024,0.0224364121114641
2024-03-31,"GLD",0.0500000000000001,0.00599004380271211,0.000299502190135606,0.00417153220265782
2024-03-31,"BTC-USD",0.05,0.0800318598939727,0.00400159299469863,0.0557350650149079
2024-04-30,"JPM",0.800000000000001,0.0812687276241866,0.0650149820993494,0.881261985987693
2024-04-30,"XOM",0.0499999999999998,0.0586130231642374,0.00293065115821186,0.0397242508807637
2024-04-30,"EEM",0.0499999999999994,0.0342103970579416,0.00171051985289706,0.0231856731165742
2024-04-30,"GLD",0.05,0.00554345334773801,0.0002771726673869,0.00375700688419217
2024-04-30,"BTC-USD",0.05,0.0768307402672528,0.00384153701336264,0.0520710831307768
2024-05-31,"JPM",0.800000000000001,0.0797522602774547,0.0638018082219638,0.874692834080102
2024-05-31,"XOM",0.0500000000000002,0.0546150159219157,0.0027307507960958,0.0374373112544679
2024-05-31,"EEM",0.0499999999999996,0.0347723678200161,0.00173861839100079,0.0238356418131225
2024-05-31,"GLD",0.05,0.0072473151674189,0.000362365758370945,0.00496786440692058
2024-05-31,"BTC-USD",0.05,0.0861683024955292,0.00430841512477646,0.0590663484453874
2024-06-30,"JPM",0.799999999999999,0.0712261689380042,0.0569809351504033,0.892545137821099
2024-06-30,"XOM",0.05,0.0485615822175898,0.00242807911087949,0.0380332509275276
2024-06-30,"EEM",0.05,0.0327145499478746,0.00163572749739373,0.0256219140796027
2024-06-30,"GLD",0.05,0.00544116489786554,0.000272058244893277,0.00426150014987806
2024-06-30,"BTC-USD",0.0500000000000001,0.0504831261748451,0.00252415630874226,0.039538197021893
2024-07-31,"JPM",0.8,0.0714896110311002,0.0571916888248802,0.893857060362166
2024-07-31,"XOM",0.05,0.0477250678838081,0.00238625339419041,0.0372950945851833
2024-07-31,"EEM",0.0500000000000001,0.032756644118393,0.00163783220591965,0.0255979131064397
2024-07-31,"GLD",0.05,0.0064096401495715,0.000320482007478575,0.00500885899664399
2024-07-31,"BTC-USD",0.0500000000000001,0.0489355992461494,0.00244677996230747,0.0382410729495675
2024-08-31,"JPM",0.8,0.0710184538511577,0.0568147630809262,0.899765963967817
2024-08-31,"XOM",0.0500000000000001,0.0476157375118986,0.00238078687559493,0.0377041262157575
2024-08-31,"EEM",0.0500000000000001,0.0324977484605002,0.00162488742302501,0.0257330721670845
2024-08-31,"GLD",0.05,0.0049676623850746,0.00024838311925373,0.00393360219438624
2024-08-31,"BTC-USD",0.05,0.0415022797308822,0.00207511398654411,0.032863235454955
2024-09-30,"JPM",0.800000000000001,0.0697518769022959,0.0558015015218367,0.918594593373124
2024-09-30,"XOM",0.05,0.0425445317716404,0.00212722658858202,0.0350180333836773
2024-09-30,"EEM",0.0499999999999999,0.0213561022945671,0.00106780511472836,0.0175780217093583
2024-09-30,"GLD",0.05,-0.00026590110848651,-1.32950554243255e-05,-0.000218860885429798
2024-09-30,"BTC-USD",0.05,0.0352673061909072,0.00176336530954536,0.02902821241927
2024-10-31,"JPM",0.8,0.0585158383134228,0.0468126706507383,0.909178390553148
2024-10-31,"XOM",0.0500000000000002,0.0159654895162049,0.000798274475810246,0.0155037918804441
2024-10-31,"EEM",0.0499999999999999,0.0288649336181791,0.00144324668090895,0.0280302037093728
2024-10-31,"GLD",0.05,0.00523288387976557,0.000261644193988278,0.00508155684948274
2024-10-31,"BTC-USD",0.0500000000000001,0.0434629389939364,0.00217314694969682,0.0422060570075525
2024-11-30,"JPM",0.8,0.060210050430623,0.0481680403444984,0.900111340335989
2024-11-30,"XOM",0.05,0.0159392799624109,0.000796963998120548,0.0148927863250669
2024-11-30,"EEM",0.05,0.0186582563180502,0.000932912815902511,0.0174332482520132
2024-11-30,"GLD",0.05,-0.00152140503797751,-7.60702518988754e-05,-0.00142151717002981
2024-11-30,"BTC-USD",0.0500000000000002,0.0738315539080656,0.00369157769540329,0.0689841422569607
2024-12-31,"JPM",0.8,0.0606740264352912,0.0485392211482329,0.895566906611415
2024-12-31,"XOM",0.0500000000000001,0.0202108574064079,0.0010105428703204,0.0186448964561518
2024-12-31,"EEM",0.05,0.018276387848557,0.000913819392427852,0.0168603118698357
2024-12-31,"GLD",0.05,0.000734435232905926,3.67217616452963e-05,0.000677530329165509
2024-12-31,"BTC-USD",0.0500000000000001,0.0739826145292974,0.00369913072646487,0.0682503547334316
2025-01-31,"JPM",0.8,0.0636292567641544,0.0509034054113235,0.912001263676415
2025-01-31,"XOM",0.05,0.0174714489103892,0.000873572445519459,0.0156511959816625
2025-01-31,"EEM",0.0500000000000002,0.0158952024306475,0.000794760121532376,0.0142391698413936
2025-01-31,"GLD",0.05,0.00244734789346648,0.000122367394673324,0.00219237235059399
2025-01-31,"BTC-USD",0.0500000000000001,0.0624190960291217,0.00312095480145609,0.0559159981499346
2025-02-28,"JPM",0.800000000000001,0.0642336649119613,0.051386931929569,0.911679521562261
2025-02-28,"XOM",0.0500000000000002,0.015027662716834,0.000751383135841703,0.0133306385898462
2025-02-28,"EEM",0.0500000000000001,0.0143832802690263,0.000719164013451319,0.0127590241154448
2025-02-28,"GLD",0.05,0.00137294813396246,6.8647406698123e-05,0.00121790565314958
2025-02-28,"BTC-USD",0.0500000000000001,0.0687800083892901,0.00343900041946451,0.0610129100792983
2025-03-31,"JPM",0.800000000000001,0.0630232051726133,0.0504185641380907,0.899515299421849
2025-03-31,"XOM",0.05,0.0107082556917382,0.00053541278458691,0.00955227502954865
2025-03-31,"EEM",0.0500000000000002,0.0158495635781267,0.000792478178906339,0.014138566985601
2025-03-31,"GLD",0.05,0.000661148173345683,3.30574086672841e-05,0.000589775717809416
2025-03-31,"BTC-USD",0.05,0.0854260164553983,0.00427130082276992,0.0762040828451916
2025-04-30,"JPM",0.755003380961938,0.0624831089146976,0.0471749584836097,0.889442302257728
2025-04-30,"XOM",0.0499999999999999,0.0109023564469607,0.000545117822348035,0.0102777165363995
2025-04-30,"EEM",0.049999999999999,0.0167597105407275,0.000837985527036359,0.0157994792233857
2025-04-30,"GLD",0.0949966190380619,0.00176993825929904,0.000168138150539521,0.00317009677422795
2025-04-30,"BTC-USD",0.0500000000000001,0.0862521375529003,0.00431260687764502,0.081310405208259
2025-05-31,"JPM",0.800000000000004,0.0628048069043324,0.0502438455234662,0.909184128647363
2025-05-31,"XOM",0.0500000000000001,0.00433526746393087,0.000216763373196544,0.00392242704612088
2025-05-31,"EEM",0.0499999999999992,0.0161586636686858,0.00080793318343428,0.0146199006014162
2025-05-31,"GLD",0.05,-0.00183429913626998,-9.17149568134992e-05,-0.00165962183478705
2025-05-31,"BTC-USD",0.0499999999999999,0.0817147249143788,0.00408573624571893,0.0739331655398867
2025-06-30,"JPM",0.799999999999999,0.0637520176298794,0.0510016141039034,0.911701552466258
2025-06-30,"XOM",0.0499999999999999,0.00513464359264951,0.000256732179632475,0.00458932782523562
2025-06-30,"EEM",0.0499999999999995,0.0175693733880784,0.00087846866940391,0.0157034490723543
2025-06-30,"GLD",0.05,-0.00136264417844016,-6.81322089220081e-05,-0.00121792695659795
2025-06-30,"BTC-USD",0.05,0.0774489239764673,0.00387244619882337,0.0692235975927499
2025-07-31,"JPM",0.800000000000001,0.0624764354665908,0.0499811483732727,0.906994646586839
2025-07-31,"XOM",0.05,0.00532256247724183,0.000266128123862092,0.0048293564975028
2025-07-31,"EEM",0.0499999999999995,0.0160045871701238,0.000800229358506184,0.0145215499809294
2025-07-31,"GLD",0.05,-0.00131539256579868,-6.57696282899339e-05,-0.00119350400517959
2025-07-31,"BTC-USD",0.05,0.0824919211031932,0.00412459605515966,0.0748479509399085
2025-08-31,"JPM",0.8,0.0585292592866857,0.0468234074293486,0.9125450492206
2025-08-31,"XOM",0.05,0.0086429698268935,0.000432148491344675,0.00842217574403942
2025-08-31,"EEM",0.0499999999999995,0.0106088562481083,0.00053044281240541,0.0103378414543109
2025-08-31,"GLD",0.05,-0.0047368901822665,-0.000236844509113325,-0.00461588116056198
2025-08-31,"BTC-USD",0.0500000000000001,0.0752327164682067,0.00376163582341034,0.0733108147416113
2025-09-30,"JPM",0.672854257967521,0.0567979842076181,0.0382167655180679,0.891286769898592
2025-09-30,"XOM",0.0499999999999998,0.0110239940276394,0.000551199701381969,0.0128550125777008
2025-09-30,"EEM",0.05,0.0109044175513184,0.000545220877565921,0.0127155751738661
2025-09-30,"GLD",0.177145742032479,-0.00167842551476269,-0.000297325933258883,-0.00693419935122737
2025-09-30,"BTC-USD",0.05,0.0772466428126046,0.00386233214063023,0.090076841701068
2025-10-31,"JPM",0.800000000000001,0.0567760250561887,0.045420820044951,0.903632647892501
2025-10-31,"XOM",0.0499999999999995,0.00549231122769257,0.000274615561384626,0.00546338852184725
2025-10-31,"EEM",0.05,0.00703353973584276,0.000351676986792138,0.0069965008659759
2025-10-31,"GLD",0.05,-0.00461937330054591,-0.000230968665027296,-0.00459504751680527
2025-10-31,"BTC-USD",0.0500000000000001,0.0889710348636242,0.00444855174318122,0.0885025102364811
2025-11-30,"JPM",0.401084447437246,0.0430987459158489,0.0172862366908965,0.584045865757843
2025-11-30,"XOM",0.05,0.0121068054128204,0.000605340270641022,0.020452484179556
2025-11-30,"EEM",0.05,0.0101407092536044,0.000507035462680218,0.0171310835936285
2025-11-30,"GLD",0.448915552562753,0.015515454721466,0.00696512892954929,0.235329113474185
2025-11-30,"BTC-USD",0.05,0.084673090181683,0.00423365450908415,0.143041452994788
